ufn,cal_cope_field,lep_cope_field,chal_a_field,chal_b_field,cal_mot_field,cgf_field,lpam_field,lpaf_field,lam_field,laf_field,lgf_field,unid_cope_field,unid_chal_field,chal_scar,mot_scar,pred_scar,hemorrhaging,eroded_gill_plate,grazed_gill_plate,mate_guarding,pinched_belly,comments_fish_health_field,licing_protocol_field
U15571,0,1,0,0,0,0,0,0,0,0,0,0,0,0,0,0,0,0,0,0,0,NA,salmoncoast_field
U15572,0,1,0,0,0,0,0,0,0,0,0,0,0,0,0,0,0,0,0,0,0,NA,salmoncoast_field
U10081,0,0,0,3,0,0,0,0,0,0,0,0,0,0,0,0,0,0,0,0,0,NA,salmoncoast_field
U10082,0,0,1,1,1,0,0,0,0,0,0,0,0,0,0,0,0,0,0,0,0,Fish dropped,salmoncoast_field
U10083,4,0,2,0,0,0,0,0,0,0,0,0,0,0,0,0,0,0,0,0,0,NA,salmoncoast_field
U10084,0,0,0,0,1,0,0,0,0,0,0,0,0,0,0,0,0,0,0,0,0,>30.0g,salmoncoast_field
U10085,0,0,2,1,0,0,0,0,0,0,0,0,0,0,0,0,0,0,0,0,0,NA,salmoncoast_field
U10086,0,1,1,1,0,0,0,0,0,0,0,0,0,0,0,0,0,0,0,0,0,fos,salmoncoast_field
U10087,0,0,1,0,3,0,0,0,0,0,0,0,0,0,0,0,0,0,0,0,0,NA,salmoncoast_field
U10088,0,0,2,1,0,0,0,0,0,0,0,0,0,0,0,0,1,0,0,0,0,HPVF,salmoncoast_field
U10089,0,0,2,0,0,0,0,0,0,0,0,0,0,0,0,0,0,0,0,0,0,NA,salmoncoast_field
U10090,0,0,3,2,0,0,0,0,0,0,0,0,0,0,0,0,0,0,0,0,0,NA,salmoncoast_field
U10161,0,0,0,0,0,0,0,0,0,0,0,0,0,0,0,0,0,0,0,0,0,> 30 g,salmoncoast_field
U10162,0,0,2,1,1,0,0,0,0,0,0,0,0,0,0,0,0,0,0,0,0,> 30 g,salmoncoast_field
U10163,2,0,3,2,0,0,0,0,0,0,0,0,0,0,0,0,0,0,0,0,0,> 30 g,salmoncoast_field
U10164,0,0,0,0,1,0,0,0,0,0,0,0,0,0,0,0,0,0,0,0,0,> 30 g,salmoncoast_field
U10165,0,0,0,0,0,0,0,0,0,0,0,0,0,0,0,0,0,0,0,0,0,> 30 g,salmoncoast_field
U10166,0,0,1,0,0,0,0,0,0,0,0,0,0,0,0,0,0,0,0,0,0,NA,salmoncoast_field
U10167,0,0,1,0,1,0,0,0,0,0,0,0,0,0,0,0,0,0,0,0,0,> 30 g,salmoncoast_field
U10168,0,0,3,1,1,0,0,0,0,0,0,0,0,0,0,0,0,0,0,0,0,NA,salmoncoast_field
U10169,0,0,0,0,0,0,0,0,0,0,0,0,0,0,0,0,0,0,0,0,0,> 30 g,salmoncoast_field
U10170,0,0,2,0,0,0,0,0,0,0,0,0,0,0,0,0,0,0,0,0,0,NA,salmoncoast_field
U10241,1,0,2,0,0,0,0,0,0,0,0,0,0,0,0,0,0,0,0,0,0,Weighed using 600g scale accurate to 5g,salmoncoast_field
U10242,0,0,3,0,0,0,0,0,0,0,0,0,0,0,0,0,0,0,0,0,0,Weighed using 600g scale accurate to 5g,salmoncoast_field
U10243,1,0,2,0,0,0,0,0,0,0,0,0,0,0,0,0,0,0,0,0,0,NA,salmoncoast_field
U10244,2,0,4,0,0,0,0,0,0,0,0,0,0,0,0,0,0,0,0,0,0,Did not obtain length in field,salmoncoast_field
U10245,0,0,1,1,0,0,0,0,0,0,0,0,0,0,0,0,0,0,0,0,0,Unidentified algae-covered parasite on flank,salmoncoast_field
U10246,0,0,0,1,0,0,0,0,0,0,0,0,0,0,0,0,0,0,0,0,0,Weighed using 600g scale accurate to 5g,salmoncoast_field
U10247,0,0,0,0,0,0,0,0,0,0,0,0,0,0,0,0,0,0,0,0,0,NA,salmoncoast_field
U10248,0,0,3,1,0,0,0,0,0,0,0,0,0,0,0,0,0,0,0,0,0,NA,salmoncoast_field
U10401,0,0,2,3,0,0,0,0,0,0,0,0,0,0,0,0,0,0,0,0,0,1 flabellifera,salmoncoast_field
U10402,0,0,1,0,0,0,0,0,0,0,0,0,0,0,0,0,0,0,0,0,0,NA,salmoncoast_field
U10403,0,0,0,0,0,0,0,0,0,0,0,0,0,0,0,1,0,0,0,0,0,"PS-flank,bird",salmoncoast_field
U10404,0,0,1,1,0,0,0,0,0,0,0,0,0,0,0,0,0,0,0,0,0,NA,salmoncoast_field
U10405,1,0,0,0,0,0,0,0,0,0,0,0,0,0,0,0,0,0,0,0,0,NA,salmoncoast_field
U10406,0,0,0,0,0,0,0,0,0,0,0,0,0,0,0,0,0,0,0,0,0,NA,salmoncoast_field
U10407,0,0,0,0,0,0,0,0,0,0,0,0,0,0,0,0,0,0,0,0,0,NA,salmoncoast_field
U10408,0,0,2,0,0,0,0,0,0,0,0,0,0,0,0,0,0,0,0,0,0,NA,salmoncoast_field
U10409,0,0,2,0,0,0,0,0,0,0,0,0,0,0,0,0,0,0,0,0,0,NA,salmoncoast_field
U10410,0,0,0,0,0,0,0,0,0,0,0,0,0,0,0,0,0,0,0,0,0,NA,salmoncoast_field
U10481,0,0,2,1,0,0,0,0,0,0,0,0,0,0,0,0,0,0,0,0,0,NA,salmoncoast_field
U10482,1,0,0,0,0,0,0,0,0,0,0,0,0,0,0,0,0,0,0,0,0,NA,salmoncoast_field
U10483,0,0,2,0,0,0,0,0,0,0,0,0,0,0,0,0,0,0,0,0,0,NA,salmoncoast_field
U10484,0,0,0,0,0,0,0,0,0,0,0,0,0,0,0,0,0,0,0,0,0,NA,salmoncoast_field
U10485,0,0,0,4,0,0,0,0,0,0,0,0,0,0,0,0,0,0,0,0,0,NA,salmoncoast_field
U10486,1,0,2,2,0,0,0,0,0,0,0,0,0,0,0,0,0,0,0,0,0,NA,salmoncoast_field
U10487,2,0,1,0,0,0,0,0,0,0,0,0,0,0,0,0,0,0,0,0,0,NA,salmoncoast_field
U10488,0,0,0,0,0,0,0,0,0,0,0,0,0,0,0,0,0,0,0,0,0,NA,salmoncoast_field
U10490,0,0,1,0,1,0,0,0,0,0,0,0,0,0,0,0,0,0,0,0,0,NA,salmoncoast_field
U10489,1,0,0,0,0,0,0,0,0,0,0,0,0,0,0,0,0,0,0,0,0,NA,salmoncoast_field
U12401,0,0,0,0,0,0,0,0,0,0,0,0,0,0,0,0,1,0,0,0,0,H-eye,salmoncoast_field
U12402,0,0,1,3,0,0,0,0,0,0,0,0,0,0,0,0,0,0,0,0,0,NA,salmoncoast_field
U12403,2,0,3,2,0,0,0,0,0,0,0,0,0,0,0,1,0,0,0,0,0,NA,salmoncoast_field
U12404,0,0,0,0,0,0,0,0,0,0,0,0,0,0,0,0,0,0,0,0,0,NA,salmoncoast_field
U12405,2,0,3,0,0,0,0,0,0,0,0,0,0,0,0,0,0,0,0,0,0,NA,salmoncoast_field
U12406,0,0,1,0,0,0,0,0,0,0,0,0,0,0,0,0,0,0,0,0,0,NA,salmoncoast_field
U12407,2,0,2,0,0,0,0,0,0,0,0,0,0,0,0,0,0,0,0,0,0,NA,salmoncoast_field
U12408,0,0,3,1,1,0,0,0,0,0,0,0,0,0,0,0,0,0,0,0,0,NA,salmoncoast_field
U12409,1,0,5,1,0,0,0,0,0,0,0,0,0,0,0,1,1,0,0,0,0,"H-eye, PS-bird",salmoncoast_field
U12410,0,0,2,2,1,0,0,0,0,0,0,0,0,0,0,0,0,0,0,0,0,NA,salmoncoast_field
U15573,0,0,2,0,0,0,0,0,0,0,0,0,0,0,0,0,0,0,0,0,0,NA,salmoncoast_field
U15574,0,0,1,0,1,0,0,0,0,0,0,0,0,0,0,0,0,0,0,0,0,NA,salmoncoast_field
U15575,1,0,0,0,0,0,0,0,0,0,0,0,0,0,0,0,0,0,0,0,0,NA,salmoncoast_field
U15576,0,0,1,2,0,0,0,0,0,0,0,0,0,1,0,1,1,0,0,0,0,"PS-Fish, H-ANF",salmoncoast_field
U15577,2,0,4,1,0,0,0,0,0,0,0,0,0,0,0,0,0,0,0,0,0,NA,salmoncoast_field
U15578,0,0,1,0,0,0,0,0,0,0,0,0,0,0,0,0,0,0,0,0,0,NA,salmoncoast_field
U15579,1,0,0,0,0,0,0,0,0,0,0,0,0,0,0,0,0,0,0,0,0,NA,salmoncoast_field
U15580,2,0,2,4,2,1,0,0,0,0,0,0,0,0,0,0,0,0,0,0,0,NA,salmoncoast_field
U15581,0,0,1,3,1,0,0,0,0,0,0,0,0,2,0,1,1,0,0,0,0,"PS-Bird, H-CS, H-PS",salmoncoast_field
U15582,1,0,4,2,0,0,0,0,0,0,0,0,0,0,0,0,0,0,0,0,0,NA,salmoncoast_field
U15583,0,0,1,0,1,0,0,0,0,0,0,0,0,0,0,0,0,0,0,0,0,NA,salmoncoast_field
U15584,0,0,0,0,0,0,0,0,0,0,0,0,0,0,0,0,0,0,0,0,0,NA,salmoncoast_field
U15585,0,0,0,0,0,0,0,0,0,0,0,0,0,0,0,0,0,0,0,0,0,NA,salmoncoast_field
U15586,0,0,0,0,0,0,0,0,0,0,0,0,0,0,0,0,0,0,0,0,0,NA,salmoncoast_field
U15587,0,0,1,1,0,1,0,0,0,0,0,0,0,0,0,0,1,0,0,0,0,H-ANF,salmoncoast_field
U15588,0,0,0,0,0,1,0,0,0,0,0,0,0,0,0,0,0,0,0,0,0,NA,salmoncoast_field
U10561,0,0,1,0,1,0,0,0,0,0,0,0,0,0,0,0,1,0,0,0,0,H-dorsal surface,salmoncoast_field
U10562,0,0,1,1,0,0,0,0,0,0,0,0,0,0,0,0,0,0,0,0,0,NA,salmoncoast_field
U10563,1,0,4,1,0,0,0,0,0,0,0,0,0,0,0,0,0,0,0,0,0,NA,salmoncoast_field
U10564,0,0,0,0,0,0,0,0,0,0,0,0,0,0,0,0,0,0,0,0,0,NA,salmoncoast_field
U10565,1,0,3,0,0,1,0,0,0,0,0,0,0,0,0,0,0,0,0,0,0,Dropped on boat deck,salmoncoast_field
U10566,4,0,2,0,0,0,0,0,0,0,0,0,0,0,0,0,0,0,0,0,0,NA,salmoncoast_field
U10567,0,0,1,0,0,0,0,0,0,0,0,0,0,0,0,0,1,0,0,0,0,H-dorsal surface lesion,salmoncoast_field
U10568,0,0,0,0,0,0,0,0,0,0,0,0,0,0,0,0,0,0,0,0,0,NA,salmoncoast_field
U10569,5,0,5,0,1,0,0,0,0,0,0,0,0,0,0,0,0,0,0,0,0,NA,salmoncoast_field
U10570,3,0,2,1,0,0,0,0,0,0,0,0,0,0,0,0,0,0,0,0,0,NA,salmoncoast_field
U15589,3,0,2,3,1,0,0,0,0,0,0,0,0,0,0,0,0,0,0,0,0,NA,salmoncoast_field
U15590,3,0,2,0,0,0,0,0,0,0,0,0,0,0,0,0,0,0,0,0,0,NA,salmoncoast_field
U15591,0,0,1,0,0,0,0,0,0,0,0,0,0,0,0,0,0,0,0,0,0,NA,salmoncoast_field
U15592,3,0,2,0,0,0,0,0,0,0,0,0,0,0,0,0,0,0,0,0,0,NA,salmoncoast_field
U15593,1,0,5,3,0,0,0,0,0,0,0,0,0,0,0,0,0,0,0,0,0,NA,salmoncoast_field
U15594,6,0,2,0,0,0,0,0,0,0,0,0,0,0,0,0,0,0,0,0,0,NA,salmoncoast_field
U15595,1,0,1,0,0,0,0,0,0,0,0,0,0,0,0,0,0,0,0,0,0,NA,salmoncoast_field
U15596,0,0,3,0,0,0,0,0,0,0,0,0,0,0,0,0,0,0,0,0,0,NA,salmoncoast_field
U15597,6,0,1,2,0,0,0,0,0,0,0,0,0,0,0,0,0,0,0,0,0,Scale loss right flank,salmoncoast_field
U15598,3,0,2,1,0,0,0,0,0,0,0,0,0,0,0,0,0,0,0,0,0,NA,salmoncoast_field
U15599,1,0,0,0,2,0,0,0,0,0,0,0,0,0,0,0,0,0,0,0,0,NA,salmoncoast_field
U15600,1,0,2,0,0,0,0,0,0,0,0,0,0,0,0,0,0,0,0,0,0,NA,salmoncoast_field
U15601,0,0,0,0,0,1,0,0,0,0,0,0,0,0,0,0,0,0,0,0,0,NA,salmoncoast_field
U15602,0,0,2,0,0,0,0,0,0,0,0,0,0,0,0,0,0,0,0,0,0,NA,salmoncoast_field
U15603,1,0,1,0,0,0,0,0,0,0,0,0,0,0,0,0,0,0,0,0,0,NA,salmoncoast_field
U15604,0,0,2,0,0,0,0,0,0,0,0,0,0,0,0,0,0,0,0,0,0,NA,salmoncoast_field
U15605,0,0,0,0,0,0,0,0,0,0,0,0,0,0,0,0,1,0,0,0,0,H-ventral surface,salmoncoast_field
U15606,3,0,0,0,0,0,0,0,0,0,0,0,0,0,0,0,0,0,0,0,0,NA,salmoncoast_field
U15607,0,0,0,0,0,0,0,0,0,0,0,0,0,0,0,0,0,0,0,0,0,NA,salmoncoast_field
U15608,1,0,0,0,0,0,0,0,0,0,0,0,0,0,0,0,0,0,0,0,0,NA,salmoncoast_field
U12561,0,0,7,5,0,0,0,0,0,0,0,0,0,0,0,0,0,0,0,0,0,NA,salmoncoast_field
U12562,3,0,0,1,0,0,0,0,0,0,0,0,0,2,0,0,0,0,0,0,0,NA,salmoncoast_field
U12563,3,0,2,0,0,0,0,0,0,0,0,0,0,0,0,0,0,0,0,0,0,NA,salmoncoast_field
U12564,0,0,3,3,0,0,0,0,0,0,0,0,0,0,0,0,0,0,0,0,0,NA,salmoncoast_field
U12565,1,0,1,0,0,0,0,0,0,0,0,0,0,0,0,0,1,0,0,0,0,H-eye,salmoncoast_field
U12566,4,0,7,5,1,0,0,0,0,0,0,0,0,0,0,0,0,0,0,0,0,NA,salmoncoast_field
U12567,1,0,0,3,1,0,0,0,0,0,0,0,0,0,0,0,0,0,0,0,0,NA,salmoncoast_field
U12568,4,0,8,4,0,0,0,0,0,0,0,0,0,1,0,0,0,0,0,0,0,NA,salmoncoast_field
U12569,1,0,2,6,0,0,0,0,0,0,0,0,0,1,0,0,0,0,0,0,0,NA,salmoncoast_field
U12570,0,0,1,1,0,0,0,0,0,0,0,0,0,0,0,0,0,0,0,0,0,NA,salmoncoast_field
U15609,0,0,2,0,0,0,0,0,0,0,0,0,0,0,0,0,0,0,0,0,0,NA,salmoncoast_field
U15610,1,0,3,1,0,1,0,0,0,0,0,0,0,1,0,0,0,0,0,0,0,NA,salmoncoast_field
U15611,1,0,2,0,2,0,0,0,0,0,0,0,0,0,0,0,0,0,0,0,0,NA,salmoncoast_field
U15612,2,0,0,0,0,0,0,0,0,0,0,0,0,0,0,1,0,0,0,0,0,PS-bird,salmoncoast_field
U15613,0,0,1,0,0,0,0,0,0,0,0,0,0,0,0,0,0,0,0,0,0,NA,salmoncoast_field
U15614,0,0,1,0,0,0,0,0,0,0,0,0,0,0,0,0,0,0,0,0,0,NA,salmoncoast_field
U15615,4,0,1,0,1,0,0,0,0,0,0,0,0,0,0,0,0,0,0,0,0,NA,salmoncoast_field
U15616,0,0,1,0,0,0,0,0,0,0,0,0,0,0,0,1,0,0,0,0,0,PS-bird,salmoncoast_field
U15617,0,0,1,0,0,0,0,0,0,0,0,0,0,0,0,0,0,0,0,0,0,NA,salmoncoast_field
U15618,0,0,1,0,0,0,0,0,0,0,0,0,0,0,0,0,0,0,0,0,0,NA,salmoncoast_field
U15619,1,0,1,0,0,0,0,0,0,0,0,0,0,0,0,0,1,0,0,0,0,H-ANF,salmoncoast_field
U15620,0,0,4,0,1,0,0,0,0,0,0,0,0,0,0,0,1,0,0,0,0,H-CDF,salmoncoast_field
U15621,6,0,5,0,0,0,0,0,0,0,0,0,0,0,0,0,0,0,0,0,0,NA,salmoncoast_field
U15622,0,0,3,1,1,0,0,0,0,0,0,0,0,0,0,0,0,0,0,0,0,NA,salmoncoast_field
U15623,0,0,1,1,0,0,0,0,0,0,0,0,0,1,0,0,0,0,0,0,0,NA,salmoncoast_field
U15624,1,0,1,2,0,0,0,0,0,0,0,0,0,0,0,0,0,0,0,0,0,NA,salmoncoast_field
U15625,2,0,5,5,0,0,0,0,0,0,0,0,0,0,0,0,0,0,0,0,0,Grazed-ANF,salmoncoast_field
U15626,2,0,0,1,1,0,0,0,0,0,0,0,0,0,0,0,1,0,0,0,0,H-eye,salmoncoast_field
U15627,0,0,2,1,1,0,0,0,0,0,0,0,0,0,0,1,1,0,0,0,0,"PS-fish, H-eye",salmoncoast_field
U15628,2,0,1,0,1,0,0,0,0,0,0,0,0,1,0,1,0,0,0,0,0,PS-bird,salmoncoast_field
U15629,1,0,8,3,0,0,0,0,0,0,0,0,0,0,0,0,0,0,0,0,0,"PS-fish, H-eye",salmoncoast_field
U12641,0,0,1,2,0,0,0,0,0,0,0,0,0,0,0,1,0,0,0,0,0,PS-fish,salmoncoast_field
U12642,3,0,2,4,1,0,0,0,0,0,0,0,0,1,0,1,0,0,0,0,0,PS-fish,salmoncoast_field
U12643,1,0,1,1,0,0,0,0,0,0,0,0,0,0,0,0,0,0,0,0,0,NA,salmoncoast_field
U12644,5,0,8,2,0,0,0,0,0,0,0,0,0,0,0,1,1,0,0,0,0,"PS-fish, H-eye",salmoncoast_field
U12645,1,0,1,0,0,0,0,0,0,0,0,0,0,1,0,0,0,0,0,0,0,NA,salmoncoast_field
U12646,0,0,1,0,0,0,0,0,0,0,0,0,0,0,0,0,1,0,0,0,0,H-belly,salmoncoast_field
U12647,4,0,2,2,1,0,0,0,0,0,0,0,0,1,0,0,0,0,0,0,0,NA,salmoncoast_field
U12648,1,0,0,4,0,0,0,0,0,0,0,0,0,0,0,0,0,0,0,0,0,NA,salmoncoast_field
U12649,1,0,2,0,0,0,0,0,0,0,0,0,0,0,0,1,0,0,0,0,0,PS-fish,salmoncoast_field
U12650,2,0,2,0,0,0,0,0,0,0,0,0,0,0,0,0,1,0,0,0,0,H-eye,salmoncoast_field
U15630,0,0,0,0,0,0,0,0,0,0,0,0,0,0,0,0,0,0,0,0,0,NA,salmoncoast_field
U15631,0,0,0,0,0,0,0,0,0,0,0,0,0,0,0,0,0,0,0,0,0,NA,salmoncoast_field
U15632,0,0,1,0,1,0,0,0,0,0,0,0,0,0,0,0,0,0,0,0,0,NA,salmoncoast_field
U15633,1,0,0,3,0,0,0,0,0,0,0,0,0,0,0,0,0,0,0,0,0,NA,salmoncoast_field
U15634,0,0,1,0,0,0,0,0,0,0,0,0,0,0,0,0,0,0,0,0,0,NA,salmoncoast_field
U15635,0,0,0,1,0,0,0,0,0,0,0,0,0,0,0,0,0,0,0,0,0,NA,salmoncoast_field
U15636,0,0,1,0,0,0,0,0,0,0,0,0,0,0,0,0,0,0,0,0,0,NA,salmoncoast_field
U15637,1,0,0,0,0,0,0,0,0,0,0,0,0,0,0,0,0,0,0,0,0,NA,salmoncoast_field
U15638,0,0,0,0,0,1,0,0,0,0,0,0,0,0,0,0,0,0,0,0,0,NA,salmoncoast_field
U15639,0,0,0,0,0,0,0,0,0,0,0,0,0,0,0,0,0,0,0,0,0,NA,salmoncoast_field
U10961,0,0,3,0,0,0,0,0,0,0,0,0,0,0,0,0,0,0,0,0,0,NA,salmoncoast_field
U10962,2,0,1,1,0,0,0,0,0,0,0,0,0,0,0,0,0,0,0,0,0,NA,salmoncoast_field
U10963,0,0,3,1,0,0,0,0,0,0,0,0,0,0,0,0,0,0,0,0,0,NA,salmoncoast_field
U10964,0,0,1,5,0,0,0,0,0,0,0,0,0,0,0,0,0,0,0,0,0,NA,salmoncoast_field
U10965,0,0,2,0,0,0,0,0,0,0,0,0,0,0,0,0,0,0,0,0,0,NA,salmoncoast_field
U10966,0,0,1,0,0,0,0,0,0,0,0,0,0,0,0,0,1,0,0,0,0,Body has multiple lacerations,salmoncoast_field
U10967,0,0,0,0,0,0,0,0,0,0,0,0,0,0,0,0,0,0,0,0,0,NA,salmoncoast_field
U10968,0,0,9,4,0,0,0,0,0,0,0,0,0,0,0,0,0,0,0,0,0,Lesion aft of skull,salmoncoast_field
U10969,0,0,1,1,0,0,0,0,0,0,0,0,0,0,0,0,0,0,0,0,0,NA,salmoncoast_field
U10970,0,0,2,1,0,0,0,0,0,0,0,0,0,0,0,0,0,0,0,0,0,NA,salmoncoast_field
U10641,0,0,1,1,0,0,0,0,0,0,0,0,0,0,0,0,0,0,0,0,0,NA,salmoncoast_field
U10642,0,0,3,1,0,0,0,0,0,0,0,0,0,0,0,0,0,0,0,0,0,NA,salmoncoast_field
U10643,1,0,1,0,0,0,0,0,0,0,0,0,0,0,0,0,1,0,0,0,0,H on ventral surface,salmoncoast_field
U10644,0,0,0,1,0,0,0,0,0,0,0,0,0,0,0,0,0,0,0,0,0,NA,salmoncoast_field
U10645,0,0,3,1,0,0,0,0,0,0,0,0,0,0,0,0,0,0,0,0,0,NA,salmoncoast_field
U10646,0,0,0,0,2,0,0,0,0,0,0,0,0,0,0,0,0,0,0,0,0,NA,salmoncoast_field
U10647,0,0,4,5,0,0,0,0,0,0,0,0,0,0,0,0,0,0,0,0,0,NA,salmoncoast_field
U10648,1,0,0,0,0,0,0,0,0,0,0,0,0,0,0,0,0,0,0,0,0,NA,salmoncoast_field
U10649,0,0,0,2,0,0,0,0,0,0,0,0,0,0,0,0,0,0,0,0,0,NA,salmoncoast_field
U10650,0,0,0,1,0,0,0,0,0,0,0,0,0,0,0,0,0,0,0,0,0,NA,salmoncoast_field
U15640,1,0,2,0,0,0,0,0,0,0,0,0,0,0,0,0,0,0,0,0,0,NA,salmoncoast_field
U15641,0,0,0,0,0,0,0,0,0,0,0,0,0,0,0,0,0,0,0,0,0,NA,salmoncoast_field
U15642,1,1,4,1,0,0,0,1,0,0,0,0,0,0,0,0,0,0,0,0,0,NA,salmoncoast_field
U15643,0,0,0,0,0,0,0,0,0,0,0,0,0,0,0,0,0,0,0,0,0,NA,salmoncoast_field
U15644,0,0,0,0,0,0,0,0,0,0,0,0,0,0,0,0,0,0,0,0,0,NA,salmoncoast_field
U15645,0,0,1,0,0,0,0,0,0,0,0,0,0,0,0,0,0,0,0,0,0,NA,salmoncoast_field
U15646,0,0,1,2,0,0,0,0,0,0,0,0,0,0,0,0,0,0,0,0,0,Lesion-CP,salmoncoast_field
U15647,3,0,4,1,4,0,0,0,0,0,0,0,0,0,0,0,0,0,0,0,0,NA,salmoncoast_field
U15648,0,0,4,3,0,0,0,0,0,0,0,0,0,0,0,0,0,0,0,0,0,NA,salmoncoast_field
U15649,0,0,2,0,0,0,0,0,0,0,0,0,0,0,0,0,0,0,0,0,0,NA,salmoncoast_field
U15650,0,0,1,0,1,0,0,0,0,0,0,0,0,0,0,0,0,0,0,0,0,NA,salmoncoast_field
U15651,0,0,0,0,0,0,0,0,0,0,0,0,0,0,0,0,0,0,0,0,0,NA,salmoncoast_field
U15652,0,0,2,0,0,0,0,0,0,0,0,0,0,0,0,0,0,0,0,0,0,NA,salmoncoast_field
U15653,0,0,0,0,0,1,0,0,0,0,0,0,0,0,0,0,0,0,0,0,0,NA,salmoncoast_field
U15654,0,0,0,0,1,0,0,0,0,0,0,0,0,0,0,0,0,0,0,0,0,NA,salmoncoast_field
U15655,0,0,0,0,0,0,0,0,0,0,0,0,0,0,0,0,0,0,0,0,0,NA,salmoncoast_field
U15656,0,0,0,0,0,0,0,0,0,0,0,0,0,0,0,0,0,0,0,0,0,NA,salmoncoast_field
U15657,1,0,0,0,0,1,0,0,0,0,0,0,0,0,0,0,0,0,0,0,0,NA,salmoncoast_field
U15658,0,0,0,1,0,1,0,0,0,0,0,0,0,0,0,0,0,0,0,0,0,NA,salmoncoast_field
U15659,1,0,0,0,0,1,0,0,0,0,0,0,0,0,0,0,0,0,0,0,0,NA,salmoncoast_field
U15660,0,0,0,0,0,0,0,0,0,0,0,0,0,0,0,0,0,0,0,0,0,NA,salmoncoast_field
U15661,0,0,0,0,0,0,0,0,0,0,0,0,0,0,0,0,0,0,0,0,0,NA,salmoncoast_field
U15662,0,0,0,0,0,0,0,0,0,0,0,0,0,0,0,0,0,0,0,0,0,NA,salmoncoast_field
U15663,0,0,0,0,0,0,0,0,0,0,0,0,0,0,0,0,0,0,0,0,0,NA,salmoncoast_field
U15664,0,0,0,2,0,0,0,0,0,0,0,0,0,0,0,0,0,0,0,0,0,NA,salmoncoast_field
U15665,1,0,1,0,0,0,0,0,1,0,0,0,0,0,0,0,0,0,0,0,0,NA,salmoncoast_field
U15666,0,0,0,0,0,0,0,0,0,0,0,0,0,0,0,0,0,0,0,0,0,NA,salmoncoast_field
U15667,0,0,0,0,0,0,0,0,0,0,0,0,0,0,0,0,0,0,0,0,0,NA,salmoncoast_field
U15668,1,0,0,0,0,0,0,0,0,0,0,0,0,0,0,0,0,0,0,0,0,NA,salmoncoast_field
U15669,0,0,0,0,0,0,0,0,0,0,0,0,0,0,0,0,0,0,0,0,0,NA,salmoncoast_field
U15670,0,0,1,4,12,0,0,0,0,0,0,0,0,0,0,1,0,0,0,1,0,PS-fish,salmoncoast_field
U15671,0,0,1,0,1,0,0,0,0,0,0,0,0,0,0,0,0,0,0,0,0,NA,salmoncoast_field
U15672,0,0,3,2,0,0,0,0,0,0,0,0,0,0,0,0,0,0,0,0,0,Dorsal lesion,salmoncoast_field
U15673,0,0,1,0,0,0,0,0,0,0,0,0,0,0,0,0,0,0,0,0,0,NA,salmoncoast_field
U15674,0,0,0,2,1,0,0,0,0,0,0,0,0,0,0,0,0,0,0,0,0,NA,salmoncoast_field
U15675,0,0,6,0,0,0,0,0,0,0,0,0,0,0,0,0,0,0,0,0,0,NA,salmoncoast_field
U15676,0,0,1,0,0,0,0,0,0,0,0,0,0,0,0,0,0,0,0,0,0,NA,salmoncoast_field
U15677,0,0,2,4,2,0,0,0,0,0,0,0,0,0,0,0,0,0,0,0,0,NA,salmoncoast_field
U15678,1,0,5,2,1,0,0,0,0,0,0,0,0,0,0,0,0,0,0,0,0,NA,salmoncoast_field
U15679,0,0,1,3,1,0,0,0,0,0,0,0,0,0,0,0,0,0,0,0,0,NA,salmoncoast_field
U11041,0,0,3,0,0,0,0,0,0,0,0,0,0,0,0,0,0,0,0,0,0,NA,salmoncoast_field
U11042,0,0,1,0,0,0,0,0,0,0,0,0,0,0,0,0,0,0,0,0,0,NA,salmoncoast_field
U11043,0,0,0,0,0,0,0,0,0,0,0,0,0,0,0,0,0,0,0,0,0,NA,salmoncoast_field
U11044,2,0,0,1,0,0,0,0,0,0,0,0,0,0,0,0,0,0,0,0,0,NA,salmoncoast_field
U11045,0,0,5,1,0,0,0,0,0,0,0,0,0,0,0,0,0,0,0,0,0,NA,salmoncoast_field
U11046,0,0,0,1,0,0,0,0,0,0,0,0,0,0,0,0,0,0,0,0,0,NA,salmoncoast_field
U11047,0,0,0,0,0,0,0,0,0,0,0,0,0,0,0,0,0,0,0,0,0,NA,salmoncoast_field
U11048,1,0,2,0,1,0,0,0,0,0,0,0,0,0,0,0,0,0,0,0,0,NA,salmoncoast_field
U11049,0,0,0,0,0,0,0,0,0,0,0,0,0,0,0,0,0,0,0,0,0,NA,salmoncoast_field
U11050,0,0,0,3,0,0,0,0,0,0,0,0,0,0,0,0,0,0,0,0,0,NA,salmoncoast_field
U12721,0,0,3,0,0,0,0,0,0,0,0,0,0,0,0,0,0,0,0,0,0,NA,salmoncoast_field
U12722,5,0,10,1,1,0,0,0,0,0,0,0,0,1,0,0,0,0,0,0,0,NA,salmoncoast_field
U12723,3,0,6,2,0,0,0,0,0,0,0,0,0,0,0,1,1,0,0,0,0,"PS- bird, H- flank, grazed ANF",salmoncoast_field
U12724,1,0,4,2,0,0,0,0,0,0,0,0,0,0,0,0,0,0,0,0,0,NA,salmoncoast_field
U12725,1,0,3,0,0,0,0,0,0,0,0,0,0,0,0,0,0,0,0,0,0,NA,salmoncoast_field
U12726,0,0,1,1,1,0,0,0,0,0,0,0,0,0,0,0,0,0,0,0,0,NA,salmoncoast_field
U12727,1,0,1,1,1,0,0,0,0,0,0,0,0,0,0,0,0,0,0,0,0,NA,salmoncoast_field
U12728,1,0,2,3,0,0,0,0,0,0,0,0,0,0,0,0,0,0,0,0,0,NA,salmoncoast_field
U12729,4,0,3,1,0,0,0,0,0,0,0,0,0,0,0,0,1,0,0,0,0,H- eye,salmoncoast_field
U12730,0,0,5,2,0,0,0,0,0,0,0,0,0,0,0,0,1,0,0,0,0,"H- eye, grazed DF",salmoncoast_field
U15680,0,0,3,1,0,0,0,0,0,0,0,0,0,1,0,0,0,0,0,0,0,NA,salmoncoast_field
U15681,1,0,2,0,0,0,0,0,0,0,0,0,0,1,0,0,0,0,0,0,0,NA,salmoncoast_field
U15682,0,0,2,0,0,0,0,0,0,0,0,0,0,0,0,2,0,0,0,0,0,PS- fish and bird,salmoncoast_field
U15683,3,0,7,0,0,0,0,0,0,0,0,0,0,0,0,0,0,0,0,0,0,NA,salmoncoast_field
U15684,0,0,1,1,0,0,0,0,0,0,0,0,0,0,0,0,0,0,0,0,0,NA,salmoncoast_field
U15685,0,0,1,0,0,0,0,0,0,0,0,0,0,0,0,0,1,0,0,0,0,H- eye,salmoncoast_field
U15686,0,0,0,0,0,0,0,0,0,0,0,0,0,0,0,0,0,0,0,0,0,NA,salmoncoast_field
U15687,0,0,2,0,0,0,0,0,0,0,0,0,0,0,0,0,1,0,0,0,0,"H- eye, grazed DF, unid parasite on dorsal surface",salmoncoast_field
U15688,0,0,5,0,0,0,0,0,0,0,0,0,0,0,0,0,1,0,0,0,0,H- eye,salmoncoast_field
U15689,2,0,1,0,0,0,0,0,0,0,0,0,0,0,0,0,0,0,0,0,0,NA,salmoncoast_field
U15690,2,0,0,2,0,2,0,0,0,0,0,0,0,0,0,0,0,0,0,0,0,NA,salmoncoast_field
U15691,1,0,1,0,0,0,0,0,0,0,0,0,0,1,0,0,1,0,0,0,0,"H- CS, ANF, Operc",salmoncoast_field
U15692,0,0,1,2,0,0,0,0,0,0,0,0,0,1,0,0,1,0,0,0,0,"H- ANF, CDF, CS; split CDF",salmoncoast_field
U15693,0,0,0,1,1,1,0,0,0,0,0,0,0,1,0,0,0,0,0,0,0,NA,salmoncoast_field
U15694,1,0,4,0,0,0,0,0,0,0,0,0,0,1,0,0,1,0,0,0,0,"H- CS, split ANF, H-ANF",salmoncoast_field
U15695,0,0,0,0,0,0,0,0,0,0,0,0,0,0,0,0,1,0,0,0,0,H-CP,salmoncoast_field
U15696,0,0,0,1,0,0,0,0,0,0,0,0,0,0,0,0,0,0,0,0,0,NA,salmoncoast_field
U15697,0,0,0,0,0,0,0,0,0,0,0,0,0,0,0,0,0,0,0,0,0,NA,salmoncoast_field
U15698,0,0,0,0,1,0,0,0,0,0,0,0,0,0,0,0,0,0,0,0,0,NA,salmoncoast_field
U15699,0,0,0,0,0,0,0,0,0,0,0,0,0,0,0,0,0,0,0,0,0,NA,salmoncoast_field
U11121,0,0,0,1,0,0,0,0,0,0,0,0,0,0,0,0,0,0,0,0,0,NA,salmoncoast_field
U11122,2,0,0,1,0,0,0,0,0,0,0,0,0,0,0,0,0,0,0,0,0,NA,salmoncoast_field
U11123,6,0,2,0,0,0,0,0,0,0,0,0,0,0,0,0,0,0,0,0,0,NA,salmoncoast_field
U11124,0,0,4,2,1,0,0,0,0,0,0,0,0,0,0,0,0,0,0,0,0,NA,salmoncoast_field
U11125,2,0,0,0,0,0,0,0,0,0,0,0,0,0,0,0,0,0,0,0,0,NA,salmoncoast_field
U11126,2,0,2,3,1,2,0,0,0,0,0,0,0,0,0,0,0,0,0,0,0,NA,salmoncoast_field
U11127,0,0,1,2,0,0,0,0,0,0,0,0,0,0,0,0,0,0,0,0,0,Multiple lesions on dorsal side.,salmoncoast_field
U11128,0,0,1,1,1,0,0,0,0,0,0,0,0,0,0,0,0,0,0,0,0,NA,salmoncoast_field
U11129,3,0,3,1,1,0,0,0,0,0,0,0,0,0,0,0,0,0,0,0,0,NA,salmoncoast_field
U11130,1,0,0,1,0,0,0,0,0,0,0,0,0,0,0,0,0,0,0,0,0,NA,salmoncoast_field
U12801,1,0,2,2,0,0,0,0,0,0,0,0,0,0,0,0,0,0,0,0,0,NA,salmoncoast_field
U12802,2,0,8,2,0,0,0,0,0,0,0,0,0,1,0,0,0,0,0,0,0,grazed ANF,salmoncoast_field
U12803,1,0,2,0,0,0,0,0,0,0,0,0,0,0,0,0,0,0,0,0,0,NA,salmoncoast_field
U12804,1,0,4,0,1,1,0,0,0,0,0,0,0,0,0,0,0,0,0,0,0,NA,salmoncoast_field
U12805,0,0,13,0,0,0,0,0,0,0,0,0,0,0,0,0,1,0,0,0,0,H-ANF,salmoncoast_field
U12806,2,0,4,3,1,0,0,0,0,0,0,0,0,0,0,0,0,0,0,0,0,NA,salmoncoast_field
U12807,1,0,1,0,0,0,0,0,0,0,0,0,0,0,0,0,0,0,0,0,0,NA,salmoncoast_field
U12808,0,0,5,1,1,0,0,0,0,0,0,0,0,0,0,0,0,0,0,0,0,split CDF,salmoncoast_field
U12809,1,0,5,0,0,0,0,0,0,0,0,0,0,0,0,0,0,0,0,0,0,NA,salmoncoast_field
U12810,0,0,0,0,0,0,0,0,0,0,0,0,0,0,0,0,1,0,0,0,0,H-eye,salmoncoast_field
U15700,2,0,0,3,1,0,0,0,0,0,0,0,0,0,0,0,0,0,0,0,0,grazed CDF,salmoncoast_field
U15701,0,0,3,1,1,0,0,0,0,0,0,0,0,0,0,0,0,0,0,0,0,NA,salmoncoast_field
U15702,1,0,0,0,0,0,0,0,0,0,0,0,0,1,0,1,0,0,0,0,0,PS-fish,salmoncoast_field
U15703,0,0,2,0,0,0,0,0,0,0,0,0,0,0,0,0,0,0,0,0,0,NA,salmoncoast_field
U15704,0,0,0,0,0,0,0,0,0,0,0,0,0,0,0,0,1,0,0,0,0,H-operc,salmoncoast_field
U15705,0,0,1,2,1,0,0,0,0,0,0,0,0,0,0,0,0,0,0,0,0,NA,salmoncoast_field
U15706,0,0,1,0,1,0,0,0,0,0,0,0,0,0,0,0,0,0,0,0,0,NA,salmoncoast_field
U15707,1,0,0,0,0,0,0,0,0,0,0,0,0,0,0,0,0,0,0,0,0,NA,salmoncoast_field
U15708,1,0,3,2,0,0,0,0,0,0,0,0,0,0,0,0,0,0,0,0,0,split ANF,salmoncoast_field
U15709,3,0,1,0,0,0,0,0,0,0,0,0,0,0,0,0,1,0,0,0,0,H-CP,salmoncoast_field
U15710,3,0,1,0,0,0,0,0,0,0,0,0,0,0,0,0,1,0,0,0,0,H-ANF,salmoncoast_field
U15711,0,0,0,0,1,0,0,0,0,0,0,0,0,0,0,0,0,0,0,0,0,NA,salmoncoast_field
U15712,1,0,2,0,0,0,0,0,0,0,0,0,0,0,0,0,0,0,0,0,0,NA,salmoncoast_field
U15713,1,0,1,0,0,0,0,0,0,0,0,0,0,0,0,0,0,0,0,0,0,NA,salmoncoast_field
U15714,0,0,1,0,0,1,0,0,0,0,0,0,0,0,0,0,1,0,0,0,0,H-ANF,salmoncoast_field
U15715,1,0,1,0,0,0,0,0,0,0,0,0,0,0,0,0,0,0,0,0,0,NA,salmoncoast_field
U15716,0,0,1,0,0,1,0,0,0,0,0,0,0,0,0,0,1,0,0,0,0,H-ANF,salmoncoast_field
U15717,1,0,1,0,0,1,0,0,0,0,0,0,0,1,0,0,1,0,0,0,0,H-CS,salmoncoast_field
U15718,1,0,4,0,0,0,0,0,0,0,0,0,0,0,0,0,0,0,0,0,0,NA,salmoncoast_field
U15719,0,0,0,0,0,0,0,0,0,0,0,0,0,0,0,0,1,0,0,0,0,H-ANF; grazed DF,salmoncoast_field
U10721,1,0,1,3,0,1,0,0,0,0,0,0,0,0,0,0,0,0,0,0,0,NA,salmoncoast_field
U10722,0,0,3,1,0,0,0,0,0,0,0,0,0,0,0,0,0,0,0,0,0,NA,salmoncoast_field
U10723,2,0,4,0,0,0,0,0,0,0,0,0,0,0,0,0,0,0,0,0,0,NA,salmoncoast_field
U10724,0,0,2,0,0,0,0,0,0,0,0,0,0,0,0,0,0,0,0,0,0,NA,salmoncoast_field
U10725,2,0,0,1,1,0,0,0,0,0,0,0,0,0,0,0,0,0,0,0,0,NA,salmoncoast_field
U10727,0,0,3,0,0,0,0,0,0,0,0,0,0,0,0,0,0,0,0,0,0,NA,salmoncoast_field
U10728,0,0,1,0,0,0,0,0,0,0,0,0,0,0,0,0,0,0,0,0,0,NA,salmoncoast_field
U10729,0,0,1,0,0,1,0,0,0,0,0,0,0,0,0,0,0,0,0,0,0,NA,salmoncoast_field
U10730,0,0,3,2,0,0,0,0,0,1,0,0,0,0,0,0,0,0,0,0,0,NA,salmoncoast_field
U10726,0,0,0,0,0,0,0,0,0,0,0,0,0,0,0,0,0,0,0,0,0,NA,salmoncoast_field
U15720,0,0,1,0,1,0,0,0,0,0,0,0,0,0,0,0,0,0,0,0,0,NA,salmoncoast_field
U15721,0,0,0,0,0,0,0,0,0,0,0,0,0,0,0,0,0,0,0,0,0,NA,salmoncoast_field
U15722,0,0,0,0,2,1,0,0,0,0,0,0,0,0,0,0,0,0,0,0,0,NA,salmoncoast_field
U15723,0,0,1,0,0,0,0,0,0,0,0,0,0,0,0,0,0,0,0,0,0,NA,salmoncoast_field
U15724,0,0,0,0,0,1,0,0,0,0,0,0,0,0,0,0,0,0,0,0,0,Fish recovered too quickly to take length & height measurements,salmoncoast_field
U15725,0,0,0,0,0,0,0,0,0,0,0,0,0,0,0,0,0,0,0,0,0,NA,salmoncoast_field
U15726,0,0,0,0,0,0,0,0,0,0,0,0,0,0,0,0,0,0,0,0,0,NA,salmoncoast_field
U15727,0,0,0,0,0,0,0,0,0,0,0,0,0,0,0,0,0,0,0,0,0,NA,salmoncoast_field
U15728,0,0,0,0,0,0,0,0,0,0,0,0,0,0,0,0,1,0,0,0,0,H-AF,salmoncoast_field
U15729,0,0,0,0,0,0,0,0,0,0,0,0,0,0,0,0,0,0,0,0,0,NA,salmoncoast_field
U10791,0,0,4,0,0,0,0,0,0,0,0,0,0,0,0,0,0,0,0,0,0,NA,salmoncoast_field
U10792,0,0,3,0,0,0,0,0,0,0,0,0,0,0,0,1,1,0,0,0,0,"H-flank, PS-fish",salmoncoast_field
U10793,0,0,0,1,0,0,0,0,0,0,0,0,0,0,0,0,0,0,0,0,0,NA,salmoncoast_field
U10794,0,0,0,1,0,0,0,0,0,0,0,0,0,0,0,0,0,0,0,0,0,NA,salmoncoast_field
U10795,0,0,0,1,0,0,0,0,0,0,0,0,0,0,0,0,0,0,0,0,0,NA,salmoncoast_field
U10796,0,0,1,0,0,0,0,0,0,0,0,0,0,0,0,0,0,0,0,0,0,NA,salmoncoast_field
U10797,1,0,0,2,0,0,0,0,0,0,0,0,0,0,0,0,0,0,0,0,0,NA,salmoncoast_field
U10798,0,0,6,0,0,1,0,0,0,0,0,0,0,0,0,0,1,0,0,0,0,"H-both flanks, vent & dorsal lacerations",salmoncoast_field
U15730,0,0,0,0,1,0,0,0,0,0,0,0,0,0,0,0,0,0,0,0,0,NA,salmoncoast_field
U15731,1,0,0,0,0,0,0,0,0,0,0,0,0,0,0,0,0,0,0,0,0,NA,salmoncoast_field
U12881,0,0,8,0,0,1,0,0,0,0,0,0,0,0,0,0,0,0,0,0,0,NA,salmoncoast_field
U12882,0,0,2,3,3,0,0,0,0,0,0,0,0,0,0,0,0,0,0,0,0,NA,salmoncoast_field
U12883,0,0,2,0,0,0,0,0,0,0,0,0,0,0,0,0,0,0,0,0,0,NA,salmoncoast_field
U12884,1,0,8,2,0,0,0,0,0,0,0,0,0,0,0,0,1,0,0,0,0,H-eye,salmoncoast_field
U12885,0,0,3,0,0,0,0,0,0,0,0,0,0,0,0,0,0,0,0,0,0,NA,salmoncoast_field
U12886,0,0,0,0,0,0,0,0,0,0,0,0,0,0,0,0,0,0,0,0,0,NA,salmoncoast_field
U12887,0,0,2,0,0,0,0,0,0,0,0,0,0,1,0,0,1,0,0,0,0,"H-eye,scarred ventral surface",salmoncoast_field
U12888,0,0,0,0,0,0,0,0,0,0,0,0,0,0,0,0,0,0,0,0,0,split PCV,salmoncoast_field
U12889,2,0,14,13,0,0,0,0,0,0,0,0,0,0,0,0,0,0,0,0,0,NA,salmoncoast_field
U12890,0,0,2,2,0,0,0,0,0,0,0,0,0,0,0,0,0,0,0,0,0,H-eye,salmoncoast_field
U15732,0,0,2,0,0,0,0,0,0,0,0,0,0,0,0,0,0,0,0,0,0,"split CDF,",salmoncoast_field
U15733,0,0,2,2,0,1,0,2,0,0,0,0,0,0,0,0,1,0,0,0,0,H-eye,salmoncoast_field
U15734,0,0,2,2,0,0,0,0,0,0,0,0,0,0,0,0,1,1,0,0,0,"H-eye, DF, ANF",salmoncoast_field
U15735,1,0,4,0,2,0,0,0,0,0,0,0,0,0,0,0,1,0,0,0,0,"H-eye, Split CDF",salmoncoast_field
U15736,1,0,1,0,0,0,0,0,0,0,0,0,0,0,0,0,0,0,0,0,0,NA,salmoncoast_field
U15737,0,0,2,3,2,0,0,0,0,0,0,0,0,0,0,0,0,0,0,0,0,NA,salmoncoast_field
U15738,0,0,0,0,0,0,0,0,0,0,0,0,0,0,0,0,1,0,0,0,0,"OPERC, Split DF",salmoncoast_field
U15739,2,0,7,4,2,0,0,0,0,0,0,0,0,0,0,0,0,0,0,0,0,NA,salmoncoast_field
U15740,1,0,1,3,0,0,0,0,0,0,0,0,0,0,0,0,1,0,0,0,0,"Split ANF, H-eye, open face wound",salmoncoast_field
U15741,1,0,0,0,0,1,0,0,0,0,0,0,0,0,0,0,1,0,0,0,0,"H-PVF, ANF",salmoncoast_field
U15742,0,1,1,2,0,0,0,0,0,0,0,0,0,0,0,0,0,0,0,0,0,NA,salmoncoast_field
U15743,0,0,3,0,1,1,0,0,0,0,0,0,0,0,0,0,0,0,0,0,0,NA,salmoncoast_field
U15744,0,0,0,0,0,0,0,0,0,0,0,0,0,0,0,0,1,0,0,0,0,"H-ANF,",salmoncoast_field
U15745,2,0,1,1,0,0,0,0,0,0,0,0,0,0,0,0,0,0,0,0,0,NA,salmoncoast_field
U15746,0,0,1,0,0,0,0,0,0,0,0,0,0,0,0,0,0,0,0,0,0,NA,salmoncoast_field
U15747,0,0,0,0,0,2,0,0,0,0,0,0,0,0,0,0,0,0,0,0,0,NA,salmoncoast_field
U15748,0,0,1,0,0,0,0,0,0,0,0,0,0,0,0,0,1,0,0,0,0,"H-Eye, ANF",salmoncoast_field
U15749,0,0,2,2,2,0,0,0,0,0,0,0,0,0,0,0,0,0,0,0,0,NA,salmoncoast_field
U15750,0,0,0,0,0,0,0,0,0,0,0,0,0,0,0,0,1,0,0,0,0,H-ANF,salmoncoast_field
U15751,1,0,0,1,0,0,0,0,0,0,0,0,0,0,0,0,0,0,0,0,0,NA,salmoncoast_field
U15752,0,0,0,0,0,0,0,0,0,0,0,0,0,0,0,0,0,0,0,0,0,NA,salmoncoast_field
U15753,0,0,0,0,0,0,0,0,0,0,0,0,0,0,0,0,1,0,0,0,0,H-PCF,salmoncoast_field
U15754,0,0,1,0,0,0,0,0,0,0,0,0,0,0,0,0,0,0,0,0,0,NA,salmoncoast_field
U15755,0,0,0,0,1,0,0,0,0,0,0,0,0,0,0,0,0,0,0,0,0,NA,salmoncoast_field
U15756,0,0,0,0,0,0,0,0,0,0,0,0,0,0,0,0,0,0,0,0,0,NA,salmoncoast_field
U15757,0,0,0,0,1,0,0,0,0,0,0,0,0,0,0,0,0,0,0,0,0,NA,salmoncoast_field
U15758,0,0,0,0,0,2,0,0,0,0,0,0,0,0,0,0,0,0,0,0,0,NA,salmoncoast_field
U15759,0,0,0,0,0,1,0,0,0,0,0,0,0,0,0,0,0,0,0,0,0,NA,salmoncoast_field
U15760,0,0,0,0,0,0,0,0,0,0,0,0,0,0,0,0,1,0,0,0,0,H-PVF,salmoncoast_field
U15761,0,0,0,0,1,1,0,0,0,0,0,0,0,0,0,0,0,0,0,0,0,NA,salmoncoast_field
U12961,0,0,4,0,0,0,0,0,0,0,0,0,0,0,0,0,0,0,0,0,0,NA,salmoncoast_field
U12962,1,0,1,0,0,0,0,0,0,0,0,0,0,2,0,0,1,0,0,0,0,H-EYE,salmoncoast_field
U12963,0,0,1,2,0,0,0,0,0,0,0,0,0,0,0,0,1,0,0,0,0,"H-EYE, OPERC, Lesion on flank,",salmoncoast_field
U12964,0,0,5,1,0,0,0,0,0,0,0,0,0,0,0,0,0,0,0,0,0,NA,salmoncoast_field
U12965,0,0,2,0,1,0,0,0,0,0,0,0,0,0,0,0,1,0,0,0,0,H-PCF,salmoncoast_field
U12966,2,0,0,0,0,0,0,0,0,0,0,0,0,0,0,0,0,0,0,0,0,NA,salmoncoast_field
U12967,0,0,9,2,0,0,0,0,0,0,0,0,0,1,0,0,0,0,0,0,0,NA,salmoncoast_field
U12968,0,0,4,3,0,0,0,0,0,0,0,0,0,0,0,0,0,0,0,0,0,NA,salmoncoast_field
U12969,1,0,6,0,0,0,0,0,0,0,0,0,0,0,0,0,1,0,0,0,0,H-EYE,salmoncoast_field
U12970,0,0,0,0,0,0,0,0,0,0,0,0,0,0,0,0,0,0,0,0,0,NA,salmoncoast_field
U15762,3,0,0,1,0,0,0,0,0,0,0,0,0,0,0,0,0,0,0,0,0,NA,salmoncoast_field
U15763,1,0,9,0,0,0,0,0,0,0,0,0,0,0,0,1,0,0,0,0,0,PS-BIRD,salmoncoast_field
U15764,0,0,0,0,0,0,0,0,0,0,0,0,0,0,0,0,1,0,0,0,0,"H-EYE, PCF",salmoncoast_field
U15765,2,0,2,2,0,1,0,0,0,0,0,0,0,0,0,0,0,0,0,0,0,NA,salmoncoast_field
U15766,0,0,0,0,0,0,0,0,0,0,0,0,0,0,0,0,0,0,0,0,0,NA,salmoncoast_field
U15767,0,0,7,2,0,0,0,0,0,0,0,0,0,0,0,0,0,0,0,0,0,NA,salmoncoast_field
U15768,0,0,0,0,0,0,0,0,0,0,0,0,0,0,0,0,0,0,0,0,0,NA,salmoncoast_field
U15769,0,0,0,0,0,1,0,0,0,0,0,0,0,0,0,0,0,0,0,0,0,NA,salmoncoast_field
U15770,1,0,3,0,0,0,0,0,0,0,0,0,0,0,0,0,0,0,0,0,0,NA,salmoncoast_field
U15771,0,0,2,0,0,0,0,0,0,0,0,0,0,0,0,0,0,0,0,0,0,NA,salmoncoast_field
U15772,0,0,1,0,0,0,0,0,0,0,0,0,0,0,0,0,0,0,0,0,0,NA,salmoncoast_field
U15773,0,0,0,0,0,0,1,0,0,0,0,0,0,0,0,0,0,0,0,0,0,H-ANF,salmoncoast_field
U15774,0,0,0,0,1,0,0,0,0,0,0,0,0,0,0,0,1,0,0,0,0,NA,salmoncoast_field
U15775,0,0,0,0,0,1,0,0,0,0,1,0,0,0,1,0,0,1,0,0,0,NA,salmoncoast_field
U10801,0,0,2,1,0,0,0,0,0,0,0,0,0,0,0,0,0,0,0,0,0,NA,salmoncoast_field
U10802,0,0,0,0,0,0,0,0,0,0,0,0,0,0,0,0,0,0,0,0,0,NA,salmoncoast_field
U10803,0,1,1,1,3,0,0,0,0,0,0,0,0,0,0,0,0,0,0,0,0,"Eroded dorsal, adipose, and pectoral fin",salmoncoast_field
U10804,0,0,1,0,2,0,0,0,0,0,0,0,0,0,0,0,1,0,0,0,0,H. lesion and H. laceration,salmoncoast_field
U10805,0,0,2,0,0,0,0,0,0,0,0,0,0,0,0,0,0,0,0,0,0,NA,salmoncoast_field
U10806,1,0,0,1,0,0,0,0,0,0,0,0,0,0,0,0,0,0,0,0,0,NA,salmoncoast_field
U10807,0,0,0,1,0,0,0,0,0,0,0,0,0,0,0,1,1,0,0,0,0,H. lesion dorasal surface. Pred scar is fish,salmoncoast_field
U10808,0,0,3,0,1,0,0,0,0,0,0,0,0,0,0,0,0,0,0,0,0,NA,salmoncoast_field
U10809,0,0,0,0,0,0,0,0,0,0,0,0,0,0,0,0,0,0,0,0,0,NA,salmoncoast_field
U10810,0,0,0,0,0,0,0,0,0,0,0,0,0,0,0,0,0,0,0,0,0,NA,salmoncoast_field
U11241,0,0,0,0,0,0,0,0,0,0,0,0,0,0,0,0,0,1,0,0,0,NA,salmoncoast_field
U11242,0,0,0,0,0,1,0,0,0,0,0,0,0,0,0,0,0,0,0,0,0,NA,salmoncoast_field
U11243,0,0,0,1,4,0,0,0,0,0,0,0,0,0,0,0,0,0,0,0,0,NA,salmoncoast_field
U11244,0,0,1,0,0,1,0,0,0,0,0,0,0,0,0,0,0,0,0,0,0,NA,salmoncoast_field
U11245,0,0,0,0,0,0,0,0,0,0,0,0,0,0,0,0,0,0,0,0,0,NA,salmoncoast_field
U11246,0,0,0,0,0,0,0,0,0,0,0,0,0,0,0,0,0,0,0,0,0,NA,salmoncoast_field
U11247,0,0,0,0,0,0,0,0,0,0,0,0,0,0,0,0,0,0,0,0,0,NA,salmoncoast_field
U11248,0,0,1,0,0,1,0,0,0,0,0,0,0,0,0,0,0,0,0,0,0,NA,salmoncoast_field
U11249,0,1,1,0,0,0,0,0,0,0,0,0,0,0,0,0,0,0,0,0,0,NA,salmoncoast_field
U11250,0,0,1,0,0,0,0,0,0,0,0,0,0,0,0,0,0,0,0,0,0,NA,salmoncoast_field
U10881,0,0,2,0,0,0,0,0,0,0,0,0,0,0,0,0,0,0,0,0,0,NA,salmoncoast_field
U10882,0,0,0,0,1,0,0,0,0,0,0,0,0,0,0,0,0,0,0,0,0,NA,salmoncoast_field
U10883,0,0,3,4,0,0,0,0,0,0,0,0,0,0,0,0,0,0,0,0,0,NA,salmoncoast_field
U11281,0,1,0,1,0,0,0,0,0,0,0,0,0,0,0,0,0,0,0,0,0,NA,salmoncoast_field
U11282,0,0,4,0,1,0,0,0,0,0,0,0,0,0,0,0,0,0,0,0,0,NA,salmoncoast_field
U11321,0,0,1,0,0,1,0,0,0,0,0,0,0,0,0,0,0,0,0,0,0,NA,salmoncoast_field
U11322,0,0,0,0,2,0,0,0,0,0,0,0,0,0,0,0,0,0,0,0,0,label not in tintoil,salmoncoast_field
U11323,1,0,1,0,0,0,0,0,0,0,0,0,0,0,0,0,0,0,0,0,0,NA,salmoncoast_field
U11324,0,0,0,0,1,1,0,0,0,0,0,0,0,0,0,0,1,0,0,0,0,H:ANF,salmoncoast_field
U11325,0,0,0,0,0,0,0,0,0,0,0,0,0,0,0,0,0,0,0,0,0,NA,salmoncoast_field
U11326,0,0,0,0,1,0,0,0,0,0,0,0,0,0,0,0,1,0,0,0,0,Dorsal surface lesion,salmoncoast_field
U11327,0,0,0,0,0,0,0,0,0,0,0,0,0,0,0,0,0,0,0,0,0,NA,salmoncoast_field
U11328,0,0,9,3,0,1,0,0,0,0,0,0,0,0,0,0,0,0,0,0,0,NA,salmoncoast_field
U11329,2,0,1,0,0,1,0,0,0,0,0,0,0,0,0,0,1,0,0,0,0,Ventral surface laceration,salmoncoast_field
U11330,0,0,0,0,0,0,0,0,0,0,0,0,0,0,0,0,1,0,0,0,0,Lacerations flank & ventral surfaces,salmoncoast_field
U13201,10,0,30,10,3,1,0,0,0,0,0,0,0,4,0,0,1,0,0,0,0,"H-CS X4, PVF",salmoncoast_field
U15776,1,0,3,0,1,0,0,0,0,0,0,0,0,0,0,0,0,0,0,0,0,NA,salmoncoast_field
U15777,2,1,8,0,0,0,0,0,0,0,0,0,0,2,0,0,0,0,0,0,0,NA,salmoncoast_field
U15778,3,0,5,0,1,0,0,0,0,0,0,0,0,0,0,0,0,1,0,0,0,NA,salmoncoast_field
U15779,1,0,5,0,1,0,0,0,0,0,0,0,0,0,0,0,0,0,0,0,0,NA,salmoncoast_field
U15780,3,0,7,2,1,0,0,0,0,0,0,0,0,1,0,0,0,0,0,0,0,NA,salmoncoast_field
U15781,4,0,3,1,1,0,0,0,0,0,0,0,0,0,0,0,0,0,0,0,0,NA,salmoncoast_field
U15782,1,0,0,0,0,0,0,0,0,0,0,0,0,0,0,0,0,0,0,0,0,NA,salmoncoast_field
U15783,1,1,2,1,0,0,0,0,0,0,0,0,0,0,0,0,1,0,0,0,0,H-ANF,salmoncoast_field
U15784,2,0,2,1,0,1,0,0,0,0,0,0,0,1,0,0,1,0,0,0,0,"H-ANF, CS",salmoncoast_field
U15785,2,0,12,0,0,2,0,0,0,0,0,0,0,0,0,0,0,0,0,0,0,NA,salmoncoast_field
U15786,0,0,3,0,1,0,0,0,0,0,0,0,0,2,0,0,0,0,0,0,0,NA,salmoncoast_field
U15787,1,0,2,0,0,0,0,0,0,0,0,0,0,0,0,0,1,0,0,0,0,H-PVF,salmoncoast_field
U15788,0,0,0,0,0,0,0,0,0,0,0,0,0,0,0,1,0,0,0,0,0,PS-Fish,salmoncoast_field
U15789,2,0,0,0,0,0,0,0,0,0,0,0,0,0,0,0,0,0,0,0,0,NA,salmoncoast_field
U15790,2,0,2,0,0,1,0,0,0,0,0,0,0,0,0,0,0,0,0,0,0,NA,salmoncoast_field
U15791,0,0,6,0,0,0,0,0,0,0,0,0,0,0,0,0,0,0,0,0,0,NA,salmoncoast_field
U15792,1,0,0,0,1,1,0,0,0,0,0,0,0,0,0,0,0,0,0,0,0,NA,salmoncoast_field
U15793,0,0,2,1,3,2,0,0,0,0,0,0,0,0,0,0,0,0,0,0,0,NA,salmoncoast_field
U15794,1,0,3,0,0,2,0,0,0,0,0,0,0,0,0,0,0,0,0,0,0,NA,salmoncoast_field
U15795,1,0,0,0,0,0,0,0,0,0,0,0,0,0,0,0,0,0,0,0,0,NA,salmoncoast_field
U15796,3,0,1,0,1,0,0,0,0,0,0,0,0,0,0,0,1,0,0,0,0,H-eye,salmoncoast_field
U15797,0,0,1,0,0,0,0,0,0,0,0,0,0,0,0,0,0,0,0,0,0,NA,salmoncoast_field
U15798,0,0,2,0,1,1,0,0,0,0,0,0,0,0,0,0,0,0,0,0,0,NA,salmoncoast_field
U15799,0,0,6,0,1,0,0,0,0,0,0,0,0,0,0,1,0,0,0,0,0,PS-Fish,salmoncoast_field
U15800,1,0,1,0,0,1,0,0,0,0,0,0,0,0,0,0,1,0,0,0,0,H-ANF,salmoncoast_field
U15801,0,0,7,0,0,1,0,0,0,0,0,0,0,0,0,0,0,0,0,0,0,NA,salmoncoast_field
U15802,0,0,3,0,0,1,0,0,0,0,0,0,0,1,0,0,0,0,0,0,0,NA,salmoncoast_field
U15803,0,0,4,0,0,0,0,0,0,0,0,0,0,0,0,0,0,0,0,0,0,Lesion on dorsal surface,salmoncoast_field
U15804,0,0,5,1,0,0,0,0,0,0,0,0,0,0,0,0,0,0,0,0,0,NA,salmoncoast_field
U15805,1,0,0,0,0,1,0,0,0,0,0,0,0,0,0,0,0,0,0,0,0,NA,salmoncoast_field
U15806,0,0,0,1,0,0,0,0,0,0,0,0,0,0,0,0,0,0,0,0,0,NA,salmoncoast_field
U11401,0,0,0,0,0,0,0,0,1,0,2,0,0,0,1,0,0,0,0,0,0,MS-Lep right flank,salmoncoast_field
U11402,2,0,1,0,0,0,0,0,0,0,0,0,0,0,0,0,0,0,0,0,0,NA,salmoncoast_field
U11403,0,0,0,0,0,1,0,0,0,0,0,0,0,0,0,0,0,0,0,0,0,NA,salmoncoast_field
U11404,0,0,0,0,2,0,0,0,0,0,0,0,0,0,0,0,0,0,0,0,0,NA,salmoncoast_field
U11405,0,0,0,0,1,0,0,0,0,0,0,0,0,0,0,0,0,0,0,0,0,NA,salmoncoast_field
U11406,0,0,0,0,1,0,0,0,0,0,0,0,0,0,0,0,0,0,0,0,0,NA,salmoncoast_field
U11407,0,0,2,0,1,5,0,0,0,0,0,0,0,0,0,0,0,0,0,0,0,NA,salmoncoast_field
U11408,0,0,3,1,1,0,0,0,0,0,0,0,0,0,0,0,0,0,0,0,0,NA,salmoncoast_field
U11409,1,1,7,1,2,1,0,0,0,0,0,0,0,0,0,0,0,0,0,0,0,NA,salmoncoast_field
U11410,1,0,3,0,0,0,0,0,0,0,0,0,0,0,0,0,1,0,0,0,0,H-ANF,salmoncoast_field
